Date,Adj Close,Close,High,Low,Open,Volume
,ACC.OL,ACC.OL,ACC.OL,ACC.OL,ACC.OL,ACC.OL
2020-08-26,5.050000190734863,5.050000190734863,5.800000190734863,3.8499999046325684,4.000999927520752,21698394
2020-08-27,5.630000114440918,5.630000114440918,5.76800012588501,5.099999904632568,5.5,9639565
2020-08-28,5.051000118255615,5.051000118255615,5.679999828338623,4.820000171661377,5.639999866485596,12664954
2020-08-31,5.099999904632568,5.099999904632568,5.699999809265137,5.0,5.249000072479248,7700370
2020-09-01,4.320000171661377,4.320000171661377,5.300000190734863,4.101500034332275,5.159999847412109,6871728
2020-09-02,4.800000190734863,4.800000190734863,4.800000190734863,4.360000133514404,4.46999979019165,5476533
2020-09-03,4.590000152587891,4.590000152587891,4.947000026702881,4.559999942779541,4.94350004196167,3157860
2020-09-04,4.300000190734863,4.300000190734863,4.479000091552734,4.199999809265137,4.300000190734863,3782532
2020-09-07,4.646999835968018,4.646999835968018,4.679999828338623,4.360000133514404,4.388999938964844,3108565
2020-09-08,4.5304999351501465,4.5304999351501465,4.730000019073486,4.449999809265137,4.699999809265137,2890710
2020-09-09,4.429999828338623,4.429999828338623,4.531000137329102,4.360000133514404,4.519999980926514,1801471
2020-09-10,4.5,4.5,4.551499843597412,4.400000095367432,4.526000022888184,2271330
2020-09-11,4.585999965667725,4.585999965667725,4.800000190734863,4.5,4.599999904632568,2046932
2020-09-14,4.659999847412109,4.659999847412109,4.75,4.611000061035156,4.670000076293945,1186309
2020-09-15,4.650000095367432,4.650000095367432,4.710000038146973,4.5370001792907715,4.69950008392334,1207443
2020-09-16,5.300000190734863,5.300000190734863,5.5,4.710000038146973,4.710000038146973,7021869
2020-09-17,6.090000152587891,6.090000152587891,6.199999809265137,5.099999904632568,5.349999904632568,9103173
2020-09-18,5.900000095367432,5.900000095367432,6.51800012588501,5.800000190734863,6.1579999923706055,8066391
2020-09-21,6.559999942779541,6.559999942779541,6.960999965667725,5.400000095367432,6.139999866485596,12717563
2020-09-22,6.900000095367432,6.900000095367432,7.228000164031982,6.697000026702881,6.708000183105469,11522570
2020-09-23,7.050000190734863,7.050000190734863,7.593999862670898,7.019999980926514,7.070000171661377,8275286
2020-09-24,6.949999809265137,6.949999809265137,7.197999954223633,6.599999904632568,7.150000095367432,5547910
2020-09-25,6.5,6.5,7.0,6.0,7.0,5433903
2020-09-28,6.199999809265137,6.199999809265137,6.789999961853027,5.559999942779541,6.5,5617770
2020-09-29,5.789999961853027,5.789999961853027,6.050000190734863,5.553999900817871,6.050000190734863,4460780
2020-09-30,5.949999809265137,5.949999809265137,6.158999919891357,5.440000057220459,5.599999904632568,6403077
2020-10-01,5.739999771118164,5.739999771118164,5.940000057220459,5.5,5.650000095367432,2519173
2020-10-02,5.798999786376953,5.798999786376953,5.809999942779541,5.409999847412109,5.5960001945495605,2293480
2020-10-05,8.800000190734863,8.800000190734863,8.829999923706055,6.199999809265137,6.400000095367432,19369763
2020-10-06,8.5,8.5,10.699999809265137,8.305999755859375,9.14799976348877,25983385
2020-10-07,8.53600025177002,8.53600025177002,8.918999671936035,7.800000190734863,8.5,11284919
2020-10-08,8.319999694824219,8.319999694824219,9.085000038146973,8.199000358581543,8.897000312805176,5441724
2020-10-09,9.25,9.25,9.548999786376953,8.550999641418457,8.880000114440918,17940201
2020-10-12,9.788000106811523,9.788000106811523,10.29800033569336,9.420000076293945,9.420000076293945,13369361
2020-10-13,9.1899995803833,9.1899995803833,10.081999778747559,8.5,9.84000015258789,6210685
2020-10-14,8.880000114440918,8.880000114440918,9.229999542236328,8.329999923706055,9.1899995803833,4380642
2020-10-15,8.949999809265137,8.949999809265137,9.350000381469727,8.899999618530273,9.199999809265137,4790867
2020-10-16,9.1899995803833,9.1899995803833,9.394000053405762,8.904999732971191,9.199999809265137,1833207
2020-10-19,8.600000381469727,8.600000381469727,9.279999732971191,8.600000381469727,9.279999732971191,2309405
2020-10-20,8.053000450134277,8.053000450134277,8.600000381469727,7.882999897003174,8.600000381469727,4455526
2020-10-21,7.900000095367432,7.900000095367432,8.0600004196167,7.420000076293945,8.053000450134277,3112787
2020-10-22,8.100000381469727,8.100000381469727,8.699999809265137,8.100000381469727,8.520000457763672,2982676
2020-10-23,7.7230000495910645,7.7230000495910645,8.267000198364258,7.7230000495910645,8.260000228881836,1268070
2020-10-26,7.020999908447266,7.020999908447266,7.650000095367432,7.000999927520752,7.650000095367432,2865401
2020-10-27,7.199999809265137,7.199999809265137,7.2789998054504395,6.484000205993652,7.000999927520752,2930162
2020-10-28,7.159999847412109,7.159999847412109,7.2789998054504395,6.800000190734863,7.1529998779296875,2595953
2020-10-29,6.949999809265137,6.949999809265137,7.300000190734863,6.802000045776367,7.0,2030461
2020-10-30,7.039999961853027,7.039999961853027,7.2789998054504395,6.75,6.949999809265137,1113747
2020-11-02,7.451000213623047,7.451000213623047,7.682000160217285,7.034999847412109,7.400000095367432,2015794
2020-11-03,8.550000190734863,8.550000190734863,8.550000190734863,7.75,7.800000190734863,4283334
2020-11-04,8.59000015258789,8.59000015258789,8.598999977111816,8.100000381469727,8.446000099182129,2523969
2020-11-05,8.069999694824219,8.069999694824219,8.6899995803833,8.010000228881836,8.569999694824219,1956417
2020-11-06,8.5,8.5,8.532999992370605,7.861000061035156,8.050000190734863,1433879
2020-11-09,8.520000457763672,8.520000457763672,8.899999618530273,8.5,8.779999732971191,2820883
2020-11-10,8.199999809265137,8.199999809265137,8.54800033569336,8.0,8.460000038146973,1855215
2020-11-11,8.300000190734863,8.300000190734863,8.498000144958496,8.020000457763672,8.100000381469727,1479553
2020-11-12,8.300000190734863,8.300000190734863,8.420000076293945,8.138999938964844,8.300000190734863,679929
2020-11-13,8.300000190734863,8.300000190734863,8.300000190734863,8.100000381469727,8.295000076293945,902226
2020-11-16,8.369999885559082,8.369999885559082,8.5,8.300999641418457,8.317999839782715,1187976
2020-11-17,8.75,8.75,9.001999855041504,8.401000022888184,8.401000022888184,2489800
2020-11-18,9.083999633789062,9.083999633789062,9.199999809265137,8.649999618530273,8.699999809265137,2460414
2020-11-19,8.989999771118164,8.989999771118164,9.083999633789062,8.600000381469727,9.083999633789062,1657798
2020-11-20,9.25,9.25,9.350000381469727,8.800000190734863,8.989999771118164,2164733
2020-11-23,9.199999809265137,9.199999809265137,9.49899959564209,8.710000038146973,9.49899959564209,1886365
2020-11-24,8.843999862670898,8.843999862670898,9.27299976348877,8.800000190734863,9.199999809265137,1774981
2020-11-25,8.600000381469727,8.600000381469727,9.010000228881836,8.600000381469727,8.850000381469727,2480472
2020-11-26,8.8100004196167,8.8100004196167,9.0,8.600000381469727,8.600000381469727,692970
2020-11-27,9.300000190734863,9.300000190734863,9.300000190734863,8.8100004196167,8.899999618530273,1471264
2020-11-30,9.199999809265137,9.199999809265137,9.585000038146973,9.100000381469727,9.3100004196167,1786904
2020-12-01,9.5600004196167,9.5600004196167,9.699999809265137,9.26099967956543,9.399999618530273,1514952
2020-12-02,10.248000144958496,10.248000144958496,10.880000114440918,9.920000076293945,10.0,4603547
2020-12-03,9.979999542236328,9.979999542236328,10.5,9.666999816894531,10.479999542236328,1752165
2020-12-04,10.539999961853027,10.539999961853027,10.550000190734863,9.9399995803833,10.0,2784560
2020-12-07,11.958000183105469,11.958000183105469,12.0,10.442000389099121,10.800000190734863,4686252
2020-12-08,12.890000343322754,12.890000343322754,12.947999954223633,11.937999725341797,12.050000190734863,4415378
2020-12-09,13.0,13.0,13.199999809265137,12.20199966430664,13.0,4430043
2020-12-10,13.0,13.0,13.140000343322754,12.60200023651123,13.119999885559082,1706412
2020-12-11,12.640000343322754,12.640000343322754,13.197999954223633,11.960000038146973,12.9399995803833,1973412
2020-12-14,13.970000267028809,13.970000267028809,13.970000267028809,12.880000114440918,12.899999618530273,2166338
2020-12-15,13.5,13.5,14.199999809265137,13.5,14.0,2972482
2020-12-16,12.800000190734863,12.800000190734863,13.437999725341797,12.460000038146973,13.199999809265137,3631971
2020-12-17,13.180000305175781,13.180000305175781,13.300000190734863,12.800000190734863,13.145999908447266,2050397
2020-12-18,14.5,14.5,14.779999732971191,13.220000267028809,13.369999885559082,5144761
2020-12-21,15.350000381469727,15.350000381469727,16.899999618530273,14.800000190734863,15.100000381469727,8145792
2020-12-22,16.850000381469727,16.850000381469727,16.979999542236328,16.04800033569336,16.5,4466813
2020-12-23,17.496000289916992,17.496000289916992,17.989999771118164,16.350000381469727,17.0,4316541
2020-12-28,18.34000015258789,18.34000015258789,19.200000762939453,18.0,18.0,4000032
2020-12-29,17.639999389648438,17.639999389648438,19.697999954223633,16.1299991607666,18.959999084472656,6491598
2020-12-30,17.799999237060547,17.799999237060547,18.489999771118164,16.450000762939453,17.899999618530273,3822073
2021-01-04,17.1200008392334,17.1200008392334,18.299999237060547,16.5,18.100000381469727,4139901
2021-01-05,16.799999237060547,16.799999237060547,17.100000381469727,16.003999710083008,16.84000015258789,3170285
2021-01-06,17.989999771118164,17.989999771118164,18.18000030517578,16.700000762939453,16.790000915527344,3195916
2021-01-07,19.149999618530273,19.149999618530273,19.200000762939453,18.200000762939453,18.29800033569336,4360403
2021-01-08,21.799999237060547,21.799999237060547,22.170000076293945,19.5,19.666000366210938,9089266
2021-01-11,19.399999618530273,19.399999618530273,21.950000762939453,19.200000762939453,21.950000762939453,7815349
2021-01-12,20.5,20.5,20.979999542236328,19.20400047302246,19.889999389648438,4638728
2021-01-13,18.714000701904297,18.714000701904297,20.770000457763672,18.5,20.600000381469727,4259824
2021-01-14,18.854000091552734,18.854000091552734,19.399999618530273,17.100000381469727,18.399999618530273,5818417
2021-01-15,19.149999618530273,19.149999618530273,19.695999145507812,17.540000915527344,18.399999618530273,4617954
2021-01-18,20.274999618530273,20.274999618530273,20.799999237060547,19.299999237060547,19.395999908447266,4600315
2021-01-19,22.700000762939453,22.700000762939453,23.6299991607666,20.809999465942383,21.0,4928676
2021-01-20,21.6200008392334,21.6200008392334,23.600000381469727,21.530000686645508,23.15999984741211,4480254
2021-01-21,21.520000457763672,21.520000457763672,22.299999237060547,20.895000457763672,22.170000076293945,2763930
2021-01-22,20.200000762939453,20.200000762939453,22.399999618530273,20.200000762939453,21.520000457763672,4066592
2021-01-25,19.299999237060547,19.299999237060547,20.825000762939453,18.510000228881836,20.200000762939453,5491633
2021-01-26,18.899999618530273,18.899999618530273,19.299999237060547,17.600000381469727,18.530000686645508,4847734
2021-01-27,17.00200080871582,17.00200080871582,19.746000289916992,16.54400062561035,19.299999237060547,5624988
2021-01-28,16.968000411987305,16.968000411987305,17.398000717163086,15.25,16.354000091552734,9153527
2021-01-29,17.799999237060547,17.799999237060547,18.197999954223633,16.010000228881836,16.399999618530273,3568815
2021-02-01,17.799999237060547,17.799999237060547,18.5,17.799999237060547,18.399999618530273,3395174
2021-02-02,18.257999420166016,18.257999420166016,19.200000762939453,18.20599937438965,18.804000854492188,3588865
2021-02-03,20.0,20.0,20.0,18.3799991607666,18.658000946044922,2729008
2021-02-04,19.73200035095215,19.73200035095215,20.395000457763672,19.24799919128418,20.0,2003411
2021-02-05,19.3700008392334,19.3700008392334,20.030000686645508,19.25,20.030000686645508,1692704
2021-02-08,19.979999542236328,19.979999542236328,20.309999465942383,19.299999237060547,19.899999618530273,1959092
2021-02-09,19.799999237060547,19.799999237060547,20.2450008392334,19.552000045776367,19.983999252319336,2190110
2021-02-10,20.69499969482422,20.69499969482422,20.899999618530273,20.0,20.2450008392334,2111465
2021-02-11,21.100000381469727,21.100000381469727,21.145000457763672,20.010000228881836,20.739999771118164,2326505
2021-02-12,20.459999084472656,20.459999084472656,20.889999389648438,20.05500030517578,20.885000228881836,2372405
2021-02-15,21.385000228881836,21.385000228881836,21.5,20.5,20.75,1816999
2021-02-16,20.350000381469727,20.350000381469727,21.479999542236328,20.260000228881836,21.479999542236328,1345337
2021-02-17,18.88599967956543,18.88599967956543,20.795000076293945,18.562000274658203,20.299999237060547,3309749
2021-02-18,17.43400001525879,17.43400001525879,19.79800033569336,17.260000228881836,18.8799991607666,4062839
2021-02-19,17.700000762939453,17.700000762939453,17.841999053955078,17.200000762939453,17.219999313354492,1754595
2021-02-22,17.492000579833984,17.492000579833984,18.31999969482422,17.34000015258789,18.059999465942383,2044301
2021-02-23,15.149999618530273,15.149999618530273,17.700000762939453,14.166000366210938,17.700000762939453,7616819
2021-02-24,15.4399995803833,15.4399995803833,16.0,14.5,14.75,5741155
2021-02-25,14.739999771118164,14.739999771118164,16.47599983215332,14.621999740600586,15.899999618530273,5554248
2021-02-26,15.0,15.0,15.0,13.199999809265137,13.930000305175781,3476786
2021-03-01,14.982000350952148,14.982000350952148,15.79800033569336,14.541999816894531,15.199999809265137,2033136
2021-03-02,15.505999565124512,15.505999565124512,15.791999816894531,14.621999740600586,15.050000190734863,1771557
2021-03-03,14.71399974822998,14.71399974822998,15.79800033569336,14.699999809265137,15.699999809265137,2139819
2021-03-04,13.300000190734863,13.300000190734863,14.39799976348877,13.279999732971191,14.050000190734863,4734472
2021-03-05,12.5,12.5,13.187999725341797,12.350000381469727,12.925999641418457,5322462
2021-03-08,12.100000381469727,12.100000381469727,12.600000381469727,11.520000457763672,12.5,5067690
2021-03-09,13.70199966430664,13.70199966430664,14.180000305175781,12.25,12.300000190734863,5456239
2021-03-10,15.052000045776367,15.052000045776367,15.246000289916992,13.802000045776367,14.399999618530273,6037888
2021-03-11,15.6899995803833,15.6899995803833,15.930000305175781,15.25,15.302000045776367,2957014
2021-03-12,15.710000038146973,15.710000038146973,15.800000190734863,14.312000274658203,15.800000190734863,2474173
2021-03-15,15.0,15.0,15.869999885559082,14.5,15.741999626159668,2174910
2021-03-16,14.539999961853027,14.539999961853027,15.0,14.119999885559082,15.0,2273653
2021-03-17,13.005999565124512,13.005999565124512,14.39799976348877,13.005999565124512,14.199999809265137,3580562
2021-03-18,13.0,13.0,14.197999954223633,12.697999954223633,13.489999771118164,4244639
2021-03-19,12.77400016784668,12.77400016784668,13.206000328063965,12.640000343322754,12.800000190734863,1806742
2021-03-22,12.989999771118164,12.989999771118164,13.420000076293945,12.800000190734863,12.998000144958496,1754041
2021-03-23,13.35200023651123,13.35200023651123,14.390000343322754,13.289999961853027,13.289999961853027,3979284
2021-03-24,14.800000190734863,14.800000190734863,14.979999542236328,13.369999885559082,13.449999809265137,4250911
2021-03-25,13.71399974822998,13.71399974822998,15.300000190734863,13.59000015258789,14.979999542236328,3515833
2021-03-26,14.342000007629395,14.342000007629395,14.498000144958496,13.758000373840332,14.170000076293945,1642220
2021-03-29,14.574000358581543,14.574000358581543,14.79800033569336,13.904000282287598,14.579999923706055,927151
2021-03-30,14.739999771118164,14.739999771118164,14.989999771118164,14.25,14.989999771118164,816750
2021-03-31,15.355999946594238,15.355999946594238,15.428000450134277,14.75,14.86400032043457,1155927
2021-04-06,16.299999237060547,16.299999237060547,16.3799991607666,15.755000114440918,16.200000762939453,2633049
2021-04-07,15.800000190734863,15.800000190734863,16.344999313354492,15.5,16.34000015258789,1180264
2021-04-08,15.609999656677246,15.609999656677246,16.100000381469727,15.029999732971191,15.800000190734863,1617176
2021-04-09,15.800000190734863,15.800000190734863,15.96500015258789,15.239999771118164,15.960000038146973,1360564
2021-04-12,14.864999771118164,14.864999771118164,15.789999961853027,14.329999923706055,15.789999961853027,1563104
2021-04-13,16.0,16.0,16.295000076293945,15.0,15.100000381469727,3267558
2021-04-14,16.149999618530273,16.149999618530273,16.200000762939453,15.600000381469727,16.200000762939453,1801210
2021-04-15,16.475000381469727,16.475000381469727,16.719999313354492,16.049999237060547,16.299999237060547,1311434
2021-04-16,17.920000076293945,17.920000076293945,18.0,17.309999465942383,17.399999618530273,3662853
2021-04-19,17.889999389648438,17.889999389648438,18.200000762939453,17.299999237060547,17.950000762939453,1174347
2021-04-20,17.655000686645508,17.655000686645508,18.200000762939453,16.940000534057617,17.989999771118164,1893218
2021-04-21,16.934999465942383,16.934999465942383,17.614999771118164,16.290000915527344,17.25,2068606
2021-04-22,18.0,18.0,18.0,17.149999618530273,17.5,2148126
2021-04-23,18.280000686645508,18.280000686645508,18.280000686645508,17.5,18.0,1641310
2021-04-26,18.389999389648438,18.389999389648438,18.424999237060547,17.665000915527344,18.280000686645508,1528020
2021-04-27,18.795000076293945,18.795000076293945,18.795000076293945,18.104999542236328,18.44499969482422,1038390
2021-04-28,18.309999465942383,18.309999465942383,19.0,18.024999618530273,19.0,717866
2021-04-29,17.405000686645508,17.405000686645508,17.600000381469727,16.610000610351562,16.899999618530273,5376392
2021-04-30,16.895000457763672,16.895000457763672,17.405000686645508,16.649999618530273,17.405000686645508,2690264
2021-05-03,16.799999237060547,16.799999237060547,17.149999618530273,16.0,17.100000381469727,2258098
2021-05-04,15.300000190734863,15.300000190734863,17.0,15.020000457763672,17.0,4154489
2021-05-05,16.0,16.0,16.44499969482422,15.625,16.0,1504325
2021-05-06,14.5,14.5,16.295000076293945,14.305000305175781,16.0,3615877
2021-05-07,15.149999618530273,15.149999618530273,15.619999885559082,14.5,15.0,2844796
2021-05-10,14.9399995803833,14.9399995803833,15.265000343322754,14.699999809265137,15.100000381469727,1597997
2021-05-11,14.199999809265137,14.199999809265137,14.75,13.604999542236328,14.199999809265137,2687661
2021-05-12,15.0,15.0,15.244999885559082,14.319999694824219,14.319999694824219,2114148
2021-05-14,15.9399995803833,15.9399995803833,15.9399995803833,14.375,15.119999885559082,2229815
2021-05-18,15.545000076293945,15.545000076293945,16.19499969482422,15.40999984741211,16.0,1436122
2021-05-19,14.600000381469727,14.600000381469727,15.734999656677246,14.319999694824219,15.600000381469727,1382946
2021-05-20,15.604999542236328,15.604999542236328,15.835000038146973,14.350000381469727,14.654999732971191,1660993
2021-05-21,15.449999809265137,15.449999809265137,15.585000038146973,15.020000457763672,15.255000114440918,972438
2021-05-25,16.350000381469727,16.350000381469727,16.46500015258789,15.5,15.5,1616558
2021-05-26,17.299999237060547,17.299999237060547,17.415000915527344,16.549999237060547,16.549999237060547,2609833
2021-05-27,18.049999237060547,18.049999237060547,18.049999237060547,16.924999237060547,17.0,9701974
2021-05-28,17.905000686645508,17.905000686645508,17.94499969482422,17.30500030517578,17.700000762939453,1127009
2021-05-31,16.704999923706055,16.704999923706055,17.719999313354492,16.704999923706055,17.69499969482422,1247622
2021-06-01,17.360000610351562,17.360000610351562,17.389999389648438,16.780000686645508,16.799999237060547,917421
2021-06-02,17.649999618530273,17.649999618530273,17.899999618530273,17.399999618530273,17.399999618530273,1439331
2021-06-03,17.19499969482422,17.19499969482422,17.799999237060547,17.0,17.78499984741211,1015575
2021-06-04,16.875,16.875,17.44499969482422,16.40999984741211,17.44499969482422,1584919
2021-06-07,16.8799991607666,16.8799991607666,17.0,16.405000686645508,16.850000381469727,902046
2021-06-08,17.600000381469727,17.600000381469727,17.600000381469727,16.69499969482422,16.940000534057617,844573
2021-06-09,17.5,17.5,17.9950008392334,17.315000534057617,17.600000381469727,579194
2021-06-10,17.145000457763672,17.145000457763672,17.770000457763672,16.8700008392334,17.420000076293945,1052217
2021-06-11,17.299999237060547,17.299999237060547,17.329999923706055,16.895000457763672,17.0,507920
2021-06-14,18.420000076293945,18.420000076293945,18.69499969482422,17.399999618530273,17.399999618530273,3001049
2021-06-15,17.799999237060547,17.799999237060547,19.145000457763672,17.665000915527344,18.649999618530273,2269019
2021-06-16,18.5,18.5,18.5,17.834999084472656,18.200000762939453,1358521
2021-06-17,18.799999237060547,18.799999237060547,18.8799991607666,18.110000610351562,18.600000381469727,1078109
2021-06-18,18.110000610351562,18.110000610351562,18.799999237060547,17.84000015258789,18.649999618530273,1593042
2021-06-21,17.934999465942383,17.934999465942383,18.209999084472656,17.0,17.899999618530273,1768224
2021-06-22,18.600000381469727,18.600000381469727,18.75,17.975000381469727,18.190000534057617,1526069
2021-06-23,18.899999618530273,18.899999618530273,18.899999618530273,18.104999542236328,18.71500015258789,1824380
2021-06-24,19.735000610351562,19.735000610351562,19.790000915527344,18.315000534057617,18.809999465942383,2867339
2021-06-25,20.100000381469727,20.100000381469727,20.3700008392334,19.0,19.959999084472656,1962465
2021-06-28,20.540000915527344,20.540000915527344,20.559999465942383,19.709999084472656,20.100000381469727,1678835
2021-06-29,20.280000686645508,20.280000686645508,20.829999923706055,20.100000381469727,20.5,1378107
2021-06-30,19.795000076293945,19.795000076293945,20.360000610351562,19.0049991607666,20.219999313354492,1756461
2021-07-01,19.625,19.625,20.0,19.350000381469727,19.795000076293945,1007800
2021-07-02,20.200000762939453,20.200000762939453,20.290000915527344,19.125,19.600000381469727,1263269
2021-07-05,20.610000610351562,20.610000610351562,20.989999771118164,20.18000030517578,20.18000030517578,2055703
2021-07-06,20.09000015258789,20.09000015258789,20.790000915527344,19.94499969482422,20.790000915527344,892020
2021-07-07,19.21500015258789,19.21500015258789,20.520000457763672,19.21500015258789,20.200000762939453,1791628
2021-07-08,18.5049991607666,18.5049991607666,19.184999465942383,17.940000534057617,19.100000381469727,2719433
2021-07-09,18.545000076293945,18.545000076293945,19.114999771118164,18.299999237060547,18.700000762939453,1388730
2021-07-12,18.795000076293945,18.795000076293945,19.594999313354492,18.114999771118164,18.559999465942383,1655988
2021-07-13,18.389999389648438,18.389999389648438,19.260000228881836,18.15999984741211,19.0,1331419
2021-07-14,18.5,18.5,18.78499984741211,17.920000076293945,18.334999084472656,1243410
2021-07-15,17.729999542236328,17.729999542236328,18.645000457763672,17.530000686645508,18.325000762939453,1479879
2021-07-16,17.639999389648438,17.639999389648438,18.094999313354492,17.5,17.969999313354492,978831
2021-07-19,16.844999313354492,16.844999313354492,17.635000228881836,16.684999465942383,17.635000228881836,1578730
2021-07-20,16.950000762939453,16.950000762939453,17.395000457763672,16.645000457763672,16.93000030517578,1054642
2021-07-21,17.40999984741211,17.40999984741211,17.854999542236328,16.954999923706055,17.110000610351562,1140732
2021-07-22,18.100000381469727,18.100000381469727,18.690000534057617,17.31999969482422,17.424999237060547,1025449
2021-07-23,18.5,18.5,18.700000762939453,18.05500030517578,18.25,909179
2021-07-26,18.489999771118164,18.489999771118164,18.594999313354492,17.809999465942383,18.09000015258789,854432
2021-07-27,18.395000457763672,18.395000457763672,18.59000015258789,18.05500030517578,18.290000915527344,497796
2021-07-28,18.864999771118164,18.864999771118164,19.059999465942383,18.204999923706055,18.459999084472656,876360
2021-07-29,18.854999542236328,18.854999542236328,19.399999618530273,18.7450008392334,19.0,1017970
2021-07-30,19.530000686645508,19.530000686645508,19.59000015258789,18.219999313354492,18.479999542236328,1239618
2021-08-02,19.969999313354492,19.969999313354492,19.9950008392334,19.440000534057617,19.600000381469727,1146661
2021-08-03,20.559999465942383,20.559999465942383,20.639999389648438,19.899999618530273,19.969999313354492,1976563
2021-08-04,20.0,20.0,20.799999237060547,19.809999465942383,20.700000762939453,1201211
2021-08-05,19.860000610351562,19.860000610351562,20.1200008392334,19.53499984741211,19.96500015258789,880299
2021-08-06,19.780000686645508,19.780000686645508,20.100000381469727,19.649999618530273,19.8799991607666,417605
2021-08-09,20.68000030517578,20.68000030517578,20.729999542236328,19.645000457763672,19.760000228881836,1419318
2021-08-10,22.020000457763672,22.020000457763672,22.100000381469727,20.68000030517578,20.68000030517578,2097923
2021-08-11,22.1200008392334,22.1200008392334,22.690000534057617,21.639999389648438,22.049999237060547,1844145
2021-08-12,23.100000381469727,23.100000381469727,23.190000534057617,21.799999237060547,22.190000534057617,1396836
2021-08-13,23.549999237060547,23.549999237060547,23.75,21.75,22.299999237060547,3877706
2021-08-16,22.25,22.25,23.399999618530273,21.450000762939453,23.399999618530273,3023573
2021-08-17,22.329999923706055,22.329999923706055,23.139999389648438,21.940000534057617,22.5,1660720
2021-08-18,23.34000015258789,23.34000015258789,23.399999618530273,22.15999984741211,22.43000030517578,1426063
2021-08-19,22.719999313354492,22.719999313354492,23.399999618530273,22.200000762939453,22.690000534057617,1415196
2021-08-20,22.0,22.0,22.719999313354492,21.600000381469727,22.719999313354492,1231452
2021-08-23,22.59000015258789,22.59000015258789,22.700000762939453,20.56999969482422,21.5,1937578
2021-08-24,22.59000015258789,22.59000015258789,22.899999618530273,21.690000534057617,22.899999618530273,1114768
2021-08-25,22.239999771118164,22.239999771118164,22.760000228881836,21.860000610351562,22.540000915527344,712723
2021-08-26,21.8700008392334,21.8700008392334,22.389999389648438,21.6200008392334,22.1200008392334,873820
2021-08-27,21.959999084472656,21.959999084472656,22.479999542236328,21.690000534057617,21.889999389648438,470220
2021-08-30,22.219999313354492,22.219999313354492,23.290000915527344,21.920000076293945,22.0,1693050
2021-08-31,22.530000686645508,22.530000686645508,22.549999237060547,21.719999313354492,22.350000381469727,960789
2021-09-01,22.84000015258789,22.84000015258789,23.100000381469727,22.399999618530273,22.989999771118164,650171
2021-09-02,23.040000915527344,23.040000915527344,23.09000015258789,22.3799991607666,23.0,1112063
2021-09-03,22.549999237060547,22.549999237060547,23.739999771118164,21.829999923706055,23.049999237060547,2765369
2021-09-06,24.3799991607666,24.3799991607666,24.739999771118164,22.690000534057617,22.729999542236328,3191469
2021-09-07,24.190000534057617,24.190000534057617,24.850000381469727,24.010000228881836,24.510000228881836,3408150
2021-09-08,24.09000015258789,24.09000015258789,25.709999084472656,23.5,24.799999237060547,3955783
2021-09-09,24.18000030517578,24.18000030517578,24.399999618530273,22.520000457763672,24.110000610351562,2300541
2021-09-10,25.700000762939453,25.700000762939453,26.200000762939453,24.59000015258789,24.700000762939453,3792748
2021-09-13,24.280000686645508,24.280000686645508,25.34000015258789,23.799999237060547,25.260000228881836,2960068
2021-09-14,24.6200008392334,24.6200008392334,24.780000686645508,24.0,24.399999618530273,1358149
2021-09-15,24.84000015258789,24.84000015258789,25.18000030517578,24.209999084472656,24.700000762939453,1358287
2021-09-16,25.700000762939453,25.700000762939453,25.989999771118164,24.5,24.860000610351562,1953193
2021-09-17,24.719999313354492,24.719999313354492,26.260000228881836,24.719999313354492,26.040000915527344,2319663
2021-09-20,23.600000381469727,23.600000381469727,24.399999618530273,22.649999618530273,24.399999618530273,2882810
2021-09-21,23.799999237060547,23.799999237060547,24.15999984741211,23.34000015258789,23.6200008392334,1695973
2021-09-22,24.059999465942383,24.059999465942383,24.350000381469727,23.6299991607666,23.799999237060547,1086818
2021-09-23,25.6200008392334,25.6200008392334,25.6299991607666,24.190000534057617,24.239999771118164,1732033
2021-09-24,24.709999084472656,24.709999084472656,25.639999389648438,24.579999923706055,25.639999389648438,2099983
2021-09-27,25.510000228881836,25.510000228881836,25.510000228881836,24.719999313354492,25.110000610351562,1217854
2021-09-28,26.239999771118164,26.239999771118164,26.3799991607666,24.90999984741211,25.5,2343202
2021-09-29,26.510000228881836,26.510000228881836,27.979999542236328,25.729999542236328,26.299999237060547,3682551
2021-09-30,27.600000381469727,27.600000381469727,28.25,26.799999237060547,26.920000076293945,2347916
2021-10-01,27.920000076293945,27.920000076293945,28.979999542236328,26.559999465942383,27.0,2031184
2021-10-04,29.0,29.0,29.770000457763672,27.979999542236328,28.299999237060547,2671053
2021-10-05,26.899999618530273,26.899999618530273,29.3799991607666,26.600000381469727,28.989999771118164,5216645
2021-10-06,23.90999984741211,23.90999984741211,26.899999618530273,23.450000762939453,26.760000228881836,3947351
2021-10-07,23.770000457763672,23.770000457763672,25.079999923706055,22.90999984741211,24.920000076293945,4331856
2021-10-08,24.81999969482422,24.81999969482422,25.059999465942383,23.889999389648438,24.010000228881836,2582079
2021-10-11,25.059999465942383,25.059999465942383,25.100000381469727,24.0,24.969999313354492,2264304
2021-10-12,25.040000915527344,25.040000915527344,25.40999984741211,23.600000381469727,24.84000015258789,44853894
2021-10-13,26.34000015258789,26.34000015258789,26.520000457763672,24.489999771118164,24.950000762939453,1844411
2021-10-14,27.5,27.5,28.399999618530273,26.979999542236328,27.0,3601874
2021-10-15,26.90999984741211,26.90999984741211,28.100000381469727,25.850000381469727,28.09000015258789,2599538
2021-10-18,26.799999237060547,26.799999237060547,27.329999923706055,26.1200008392334,26.90999984741211,1538378
2021-10-19,28.420000076293945,28.420000076293945,28.940000534057617,27.170000076293945,27.559999465942383,3459707
2021-10-20,29.649999618530273,29.649999618530273,29.899999618530273,28.479999542236328,28.610000610351562,4166169
2021-10-21,31.100000381469727,31.100000381469727,31.25,29.0,29.600000381469727,3504728
2021-10-22,30.0,30.0,31.979999542236328,29.969999313354492,31.979999542236328,2681663
2021-10-25,32.79999923706055,32.79999923706055,32.88999938964844,29.600000381469727,30.489999771118164,4346355
2021-10-26,29.799999237060547,29.799999237060547,31.989999771118164,27.5,31.989999771118164,10428220
2021-10-27,30.510000228881836,30.510000228881836,30.90999984741211,28.399999618530273,30.100000381469727,3739252
2021-10-28,31.0,31.0,31.690000534057617,29.510000228881836,30.170000076293945,2437245
2021-10-29,30.3799991607666,30.3799991607666,32.209999084472656,30.209999084472656,31.0,2377663
2021-11-01,31.56999969482422,31.56999969482422,32.400001525878906,30.0,30.049999237060547,2158476
2021-11-02,30.690000534057617,30.690000534057617,32.4900016784668,30.25,31.5,1910934
2021-11-03,31.170000076293945,31.170000076293945,31.43000030517578,30.190000534057617,31.0,1262143
2021-11-04,31.899999618530273,31.899999618530273,32.5,31.0,31.639999389648438,1567708
2021-11-05,31.90999984741211,31.90999984741211,33.29999923706055,31.360000610351562,32.099998474121094,1702217
2021-11-08,33.61000061035156,33.61000061035156,34.34000015258789,31.56999969482422,32.0,3412537
2021-11-09,34.369998931884766,34.369998931884766,34.95000076293945,33.040000915527344,33.29999923706055,3770723
2021-11-10,33.959999084472656,33.959999084472656,34.2400016784668,32.5,34.2400016784668,2272614
2021-11-11,33.310001373291016,33.310001373291016,34.380001068115234,33.060001373291016,33.79999923706055,1105466
2021-11-12,33.47999954223633,33.47999954223633,33.9900016784668,33.0099983215332,33.45000076293945,1213398
2021-11-15,31.65999984741211,31.65999984741211,33.93000030517578,31.520000457763672,33.79999923706055,1919010
2021-11-16,31.780000686645508,31.780000686645508,32.70000076293945,30.719999313354492,31.670000076293945,1486305
2021-11-17,30.309999465942383,30.309999465942383,31.739999771118164,29.059999465942383,31.510000228881836,2267053
2021-11-18,30.770000457763672,30.770000457763672,31.5,29.520000457763672,29.850000381469727,1314439
2021-11-19,32.040000915527344,32.040000915527344,33.06999969482422,30.850000381469727,31.0,2271352
2021-11-22,33.779998779296875,33.779998779296875,33.900001525878906,31.049999237060547,31.719999313354492,2931824
2021-11-23,32.060001373291016,32.060001373291016,33.5,30.149999618530273,33.5,2801273
2021-11-24,30.350000381469727,30.350000381469727,32.20000076293945,29.389999389648438,32.0,2647491
2021-11-25,30.479999542236328,30.479999542236328,32.369998931884766,30.020000457763672,30.649999618530273,1947750
2021-11-26,29.329999923706055,29.329999923706055,29.860000610351562,27.450000762939453,28.5,2732006
2021-11-29,30.899999618530273,30.899999618530273,31.0,28.899999618530273,29.0,1544066
2021-11-30,30.760000228881836,30.760000228881836,30.790000915527344,29.600000381469727,30.209999084472656,1989261
2021-12-01,30.799999237060547,30.799999237060547,31.200000762939453,30.1299991607666,30.799999237060547,806107
2021-12-02,28.770000457763672,28.770000457763672,30.5,28.459999084472656,30.5,1211989
2021-12-03,27.8700008392334,27.8700008392334,29.799999237060547,27.510000228881836,29.010000228881836,1168658
2021-12-06,27.920000076293945,27.920000076293945,28.31999969482422,26.5,27.5,2078056
2021-12-07,29.270000457763672,29.270000457763672,29.5,28.219999313354492,29.1299991607666,1611958
2021-12-08,29.170000076293945,29.170000076293945,30.34000015258789,28.809999465942383,29.5,1408143
2021-12-09,29.479999542236328,29.479999542236328,29.540000915527344,28.56999969482422,29.350000381469727,943573
2021-12-10,29.350000381469727,29.350000381469727,29.65999984741211,28.399999618530273,29.399999618530273,877193
2021-12-13,29.700000762939453,29.700000762939453,29.829999923706055,28.799999237060547,29.149999618530273,1187142
2021-12-14,26.90999984741211,26.90999984741211,29.239999771118164,26.799999237060547,29.0,1670776
2021-12-15,25.979999542236328,25.979999542236328,27.209999084472656,25.0,26.219999313354492,2942136
2021-12-16,28.399999618530273,28.399999618530273,29.0,26.059999465942383,26.059999465942383,3392915
2021-12-17,25.770000457763672,25.770000457763672,28.06999969482422,25.6200008392334,28.06999969482422,2629276
2021-12-20,25.389999389648438,25.389999389648438,25.43000030517578,23.8799991607666,24.510000228881836,1898125
2021-12-21,25.760000228881836,25.760000228881836,26.100000381469727,25.030000686645508,25.700000762939453,1325308
2021-12-22,25.790000915527344,25.790000915527344,26.239999771118164,25.18000030517578,26.0,608314
2021-12-23,25.850000381469727,25.850000381469727,26.100000381469727,25.440000534057617,26.100000381469727,546353
2021-12-27,27.149999618530273,27.149999618530273,27.329999923706055,25.719999313354492,25.799999237060547,994647
2021-12-28,27.06999969482422,27.06999969482422,27.829999923706055,27.049999237060547,27.3700008392334,787203
2021-12-29,26.600000381469727,26.600000381469727,26.899999618530273,26.06999969482422,26.899999618530273,939402
2021-12-30,27.610000610351562,27.610000610351562,27.8700008392334,26.829999923706055,26.899999618530273,875548
2022-01-03,29.399999618530273,29.399999618530273,29.8700008392334,28.299999237060547,28.399999618530273,1279758
2022-01-04,29.030000686645508,29.030000686645508,30.360000610351562,28.920000076293945,29.899999618530273,1315727
2022-01-05,27.43000030517578,27.43000030517578,29.450000762939453,27.399999618530273,29.450000762939453,2141936
2022-01-06,25.520000457763672,25.520000457763672,26.8799991607666,25.520000457763672,26.5,1850559
2022-01-07,25.110000610351562,25.110000610351562,25.969999313354492,24.950000762939453,25.299999237060547,1604807
2022-01-10,23.579999923706055,23.579999923706055,25.600000381469727,23.549999237060547,25.239999771118164,1804829
2022-01-11,23.969999313354492,23.969999313354492,24.389999389648438,23.200000762939453,23.600000381469727,1866183
2022-01-12,24.850000381469727,24.850000381469727,25.110000610351562,24.0,24.510000228881836,1119845
2022-01-13,24.389999389648438,24.389999389648438,24.850000381469727,24.0,24.809999465942383,647290
2022-01-14,24.100000381469727,24.100000381469727,24.540000915527344,23.399999618530273,24.0,1578704
2022-01-17,23.579999923706055,23.579999923706055,24.34000015258789,23.459999084472656,24.34000015258789,1143651
2022-01-18,21.799999237060547,21.799999237060547,23.549999237060547,21.049999237060547,23.459999084472656,3598043
2022-01-19,21.260000228881836,21.260000228881836,22.149999618530273,20.440000534057617,21.0,3304276
2022-01-20,21.81999969482422,21.81999969482422,22.139999389648438,21.049999237060547,21.31999969482422,1433775
2022-01-21,19.915000915527344,19.915000915527344,21.25,19.899999618530273,21.200000762939453,2262725
2022-01-24,17.55500030517578,17.55500030517578,20.059999465942383,17.415000915527344,19.844999313354492,4533573
2022-01-25,17.239999771118164,17.239999771118164,18.5,16.674999237060547,17.725000381469727,3449308
2022-01-26,18.610000610351562,18.610000610351562,18.610000610351562,17.329999923706055,17.475000381469727,3318862
2022-01-27,18.184999465942383,18.184999465942383,18.375,16.84000015258789,17.100000381469727,3928447
2022-01-28,17.399999618530273,17.399999618530273,18.094999313354492,17.125,18.010000228881836,2359999
2022-01-31,19.55500030517578,19.55500030517578,19.579999923706055,17.799999237060547,17.799999237060547,2868914
2022-02-01,18.46500015258789,18.46500015258789,20.09000015258789,18.19499969482422,20.0,2684797
2022-02-02,19.25,19.25,19.829999923706055,18.5049991607666,18.690000534057617,1578664
2022-02-03,18.579999923706055,18.579999923706055,19.545000076293945,18.360000610351562,19.334999084472656,1749538
2022-02-04,17.96500015258789,17.96500015258789,19.030000686645508,17.799999237060547,18.4950008392334,1861727
2022-02-07,17.760000228881836,17.760000228881836,18.385000228881836,17.3799991607666,18.184999465942383,1451184
2022-02-08,17.174999237060547,17.174999237060547,17.7450008392334,16.9950008392334,17.579999923706055,1278390
2022-02-09,17.969999313354492,17.969999313354492,18.059999465942383,17.174999237060547,17.174999237060547,1546136
2022-02-10,16.975000381469727,16.975000381469727,18.475000381469727,16.350000381469727,18.15999984741211,1841157
2022-02-11,17.110000610351562,17.110000610351562,17.325000762939453,16.235000610351562,16.59000015258789,1869951
2022-02-14,16.31999969482422,16.31999969482422,16.5,15.579999923706055,16.424999237060547,3098587
2022-02-15,16.600000381469727,16.600000381469727,16.8700008392334,16.0,16.0,2035070
2022-02-16,16.854999542236328,16.854999542236328,17.559999465942383,16.645000457763672,16.985000610351562,1750376
2022-02-17,16.30500030517578,16.30500030517578,17.520000457763672,16.30500030517578,17.06999969482422,1984695
2022-02-18,15.444999694824219,15.444999694824219,16.434999465942383,15.420000076293945,16.165000915527344,1638646
2022-02-21,15.130000114440918,15.130000114440918,16.19499969482422,15.104999542236328,15.600000381469727,2420872
2022-02-22,15.824999809265137,15.824999809265137,15.949999809265137,14.119999885559082,14.5,2229106
2022-02-23,16.290000915527344,16.290000915527344,16.489999771118164,15.800000190734863,15.854999542236328,1762772
2022-02-24,15.960000038146973,15.960000038146973,16.389999389648438,14.460000038146973,16.299999237060547,2837508
2022-02-25,16.975000381469727,16.975000381469727,17.25,15.850000381469727,16.46500015258789,1913790
2022-02-28,17.0,17.0,17.21500015258789,16.25,16.5,2762803
2022-03-01,14.9350004196167,14.9350004196167,17.479999542236328,14.765000343322754,17.25,3418204
2022-03-02,14.585000038146973,14.585000038146973,15.4350004196167,14.260000228881836,14.699999809265137,3411304
2022-03-03,14.199999809265137,14.199999809265137,15.289999961853027,14.199999809265137,14.699999809265137,2040362
2022-03-04,13.770000457763672,13.770000457763672,14.255000114440918,13.28499984741211,13.984999656677246,2051334
2022-03-07,13.96500015258789,13.96500015258789,14.420000076293945,12.720000267028809,13.359999656677246,3558174
2022-03-08,14.5600004196167,14.5600004196167,14.899999618530273,13.354999542236328,13.354999542236328,2520692
2022-03-09,17.579999923706055,17.579999923706055,17.940000534057617,14.9399995803833,15.100000381469727,6177099
2022-03-10,17.399999618530273,17.399999618530273,18.375,17.170000076293945,18.0049991607666,3116992
2022-03-11,18.31999969482422,18.31999969482422,19.8700008392334,17.125,17.200000762939453,2748267
2022-03-14,17.049999237060547,17.049999237060547,18.600000381469727,16.600000381469727,18.594999313354492,2150955
2022-03-15,16.885000228881836,16.885000228881836,17.040000915527344,15.510000228881836,16.764999389648438,3122018
2022-03-16,17.309999465942383,17.309999465942383,17.6200008392334,16.7450008392334,17.6200008392334,2007812
2022-03-17,18.43000030517578,18.43000030517578,18.8700008392334,17.649999618530273,17.655000686645508,2485521
2022-03-18,19.524999618530273,19.524999618530273,19.524999618530273,18.204999923706055,18.954999923706055,20474394
2022-03-21,20.010000228881836,20.010000228881836,20.239999771118164,19.0049991607666,19.549999237060547,1381151
2022-03-22,21.389999389648438,21.389999389648438,21.389999389648438,19.829999923706055,19.864999771118164,2003766
2022-03-23,23.06999969482422,23.06999969482422,23.639999389648438,21.770000457763672,22.200000762939453,5036047
2022-03-24,23.40999984741211,23.40999984741211,23.739999771118164,22.31999969482422,23.219999313354492,3173266
2022-03-25,22.270000457763672,22.270000457763672,23.399999618530273,22.100000381469727,23.399999618530273,1623357
2022-03-28,22.469999313354492,22.469999313354492,22.850000381469727,21.399999618530273,22.329999923706055,1041196
2022-03-29,22.649999618530273,22.649999618530273,23.299999237060547,22.329999923706055,22.5,898666
2022-03-30,23.100000381469727,23.100000381469727,23.309999465942383,22.059999465942383,22.540000915527344,1029243
2022-03-31,22.889999389648438,22.889999389648438,23.200000762939453,22.360000610351562,22.700000762939453,969532
2022-04-01,22.3700008392334,22.3700008392334,22.959999084472656,22.31999969482422,22.40999984741211,828336
2022-04-04,21.700000762939453,21.700000762939453,22.790000915527344,21.540000915527344,22.09000015258789,943351
2022-04-05,24.5,24.5,24.790000915527344,21.75,21.969999313354492,2671845
2022-04-06,23.700000762939453,23.700000762939453,24.420000076293945,23.31999969482422,24.270000457763672,1753664
2022-04-07,23.200000762939453,23.200000762939453,23.850000381469727,22.260000228881836,23.5,1500264
2022-04-08,24.209999084472656,24.209999084472656,24.479999542236328,22.670000076293945,23.280000686645508,1637676
2022-04-11,23.81999969482422,23.81999969482422,24.079999923706055,23.0,23.68000030517578,1185824
2022-04-12,22.950000762939453,22.950000762939453,23.5,22.489999771118164,23.100000381469727,853036
2022-04-13,23.81999969482422,23.81999969482422,23.90999984741211,22.600000381469727,22.600000381469727,722803
2022-04-19,22.25,22.25,24.0,21.600000381469727,24.0,1650957
2022-04-20,22.389999389648438,22.389999389648438,22.8700008392334,21.149999618530273,22.0,1398669
2022-04-21,21.93000030517578,21.93000030517578,23.0,21.93000030517578,22.8799991607666,671311
2022-04-22,21.729999542236328,21.729999542236328,22.09000015258789,21.209999084472656,21.5,732490
2022-04-25,20.489999771118164,20.489999771118164,21.489999771118164,20.260000228881836,21.0,1349872
2022-04-26,21.270000457763672,21.270000457763672,21.299999237060547,20.239999771118164,20.600000381469727,1098358
2022-04-27,19.760000228881836,19.760000228881836,21.200000762939453,19.610000610351562,20.700000762939453,1116363
2022-04-28,19.19499969482422,19.19499969482422,20.1200008392334,18.670000076293945,19.604999542236328,1593088
2022-04-29,19.3700008392334,19.3700008392334,19.510000228881836,18.940000534057617,19.329999923706055,1073406
2022-05-02,18.600000381469727,18.600000381469727,19.575000762939453,18.454999923706055,19.094999313354492,1347778
2022-05-03,19.024999618530273,19.024999618530273,19.204999923706055,18.59000015258789,19.0,735315
2022-05-04,19.03499984741211,19.03499984741211,19.485000610351562,18.5,18.5,479377
2022-05-05,18.829999923706055,18.829999923706055,19.93000030517578,18.829999923706055,19.739999771118164,677028
2022-05-06,17.55500030517578,17.55500030517578,18.31999969482422,17.020000457763672,18.100000381469727,1948437
2022-05-09,17.600000381469727,17.600000381469727,18.010000228881836,17.024999618530273,17.100000381469727,1445789
2022-05-10,17.184999465942383,17.184999465942383,17.55500030517578,16.674999237060547,17.200000762939453,1655777
2022-05-11,17.264999389648438,17.264999389648438,17.59000015258789,16.315000534057617,16.690000534057617,1488947
2022-05-12,16.739999771118164,16.739999771118164,16.8799991607666,16.2450008392334,16.5,1222722
2022-05-13,18.829999923706055,18.829999923706055,18.875,16.264999389648438,16.264999389648438,1352162
2022-05-16,19.190000534057617,19.190000534057617,19.579999923706055,18.530000686645508,18.799999237060547,1039076
2022-05-18,18.600000381469727,18.600000381469727,20.8700008392334,18.530000686645508,19.90999984741211,1218778
2022-05-19,19.364999771118164,19.364999771118164,19.540000915527344,18.065000534057617,18.125,1001464
2022-05-20,19.239999771118164,19.239999771118164,19.950000762939453,19.100000381469727,19.100000381469727,713736
2022-05-23,19.510000228881836,19.510000228881836,19.9950008392334,19.1299991607666,19.405000686645508,704988
2022-05-24,19.2450008392334,19.2450008392334,19.600000381469727,19.0049991607666,19.5,738047
2022-05-25,19.334999084472656,19.334999084472656,19.969999313354492,18.700000762939453,18.9950008392334,933354
2022-05-27,20.200000762939453,20.200000762939453,20.670000076293945,19.030000686645508,19.030000686645508,1059581
2022-05-30,21.40999984741211,21.40999984741211,21.899999618530273,20.56999969482422,20.639999389648438,1178149
2022-05-31,21.40999984741211,21.40999984741211,21.860000610351562,20.8700008392334,21.530000686645508,2792064
2022-06-01,22.25,22.25,22.399999618530273,20.84000015258789,21.0,1284800
2022-06-02,21.790000915527344,21.790000915527344,22.670000076293945,21.600000381469727,21.950000762939453,607118
2022-06-03,21.68000030517578,21.68000030517578,22.469999313354492,21.600000381469727,22.010000228881836,326651
2022-06-07,22.18000030517578,22.18000030517578,22.350000381469727,21.360000610351562,21.68000030517578,612107
2022-06-08,22.190000534057617,22.190000534057617,22.5,22.010000228881836,22.5,532578
2022-06-09,21.5,21.5,22.8799991607666,21.399999618530273,22.450000762939453,749467
2022-06-10,19.844999313354492,19.844999313354492,21.3700008392334,19.739999771118164,21.0,904166
2022-06-13,18.655000686645508,18.655000686645508,19.735000610351562,18.5049991607666,19.299999237060547,939478
2022-06-14,18.18000030517578,18.18000030517578,19.135000228881836,17.854999542236328,18.4950008392334,910410
2022-06-15,18.05500030517578,18.05500030517578,18.594999313354492,17.655000686645508,18.100000381469727,1227423
2022-06-16,18.079999923706055,18.079999923706055,19.989999771118164,17.94499969482422,18.665000915527344,832695
2022-06-17,18.799999237060547,18.799999237060547,19.389999389648438,18.0049991607666,18.079999923706055,732891
2022-06-20,19.6200008392334,19.6200008392334,19.69499969482422,18.3799991607666,18.809999465942383,397228
2022-06-21,19.770000457763672,19.770000457763672,20.149999618530273,19.2549991607666,19.899999618530273,312507
2022-06-22,19.6299991607666,19.6299991607666,19.709999084472656,18.559999465942383,19.549999237060547,453883
2022-06-23,19.0,19.0,19.350000381469727,18.540000915527344,18.540000915527344,903784
2022-06-24,18.19499969482422,18.19499969482422,19.329999923706055,17.80500030517578,19.09000015258789,716694
2022-06-27,17.655000686645508,17.655000686645508,18.6200008392334,17.530000686645508,18.0,1031606
2022-06-28,18.0049991607666,18.0049991607666,18.155000686645508,17.290000915527344,17.81999969482422,750350
2022-06-29,16.9950008392334,16.9950008392334,18.139999389648438,16.989999771118164,17.739999771118164,836607
2022-06-30,16.59000015258789,16.59000015258789,17.045000076293945,16.450000762939453,16.9950008392334,718910
2022-07-01,16.719999313354492,16.719999313354492,17.5,16.200000762939453,17.5,932747
2022-07-04,16.739999771118164,16.739999771118164,17.235000610351562,16.594999313354492,16.75,538665
2022-07-05,15.96500015258789,15.96500015258789,16.8799991607666,15.710000038146973,16.75,866512
2022-07-06,16.780000686645508,16.780000686645508,16.825000762939453,15.619999885559082,15.619999885559082,1168796
2022-07-07,17.299999237060547,17.299999237060547,17.434999465942383,16.559999465942383,17.0,848644
2022-07-08,17.25,17.25,17.899999618530273,17.25,17.344999313354492,956201
2022-07-11,18.725000381469727,18.725000381469727,19.40999984741211,17.21500015258789,17.829999923706055,2054994
2022-07-12,18.209999084472656,18.209999084472656,18.905000686645508,18.084999084472656,18.905000686645508,1053629
2022-07-13,17.065000534057617,17.065000534057617,18.43000030517578,16.81999969482422,18.43000030517578,735936
2022-07-14,16.1200008392334,16.1200008392334,17.260000228881836,16.0,16.799999237060547,869457
2022-07-15,17.0049991607666,17.0049991607666,17.235000610351562,16.075000762939453,16.315000534057617,1329451
2022-07-18,18.5,18.5,18.520000457763672,17.079999923706055,17.079999923706055,694813
2022-07-19,18.915000915527344,18.915000915527344,18.934999465942383,18.0,18.0,563370
2022-07-20,19.110000610351562,19.110000610351562,19.405000686645508,18.700000762939453,18.700000762939453,638460
2022-07-21,19.610000610351562,19.610000610351562,19.700000762939453,19.0,19.225000381469727,637445
2022-07-22,19.799999237060547,19.799999237060547,19.875,19.149999618530273,19.799999237060547,651806
2022-07-25,18.924999237060547,18.924999237060547,19.799999237060547,18.799999237060547,19.799999237060547,701497
2022-07-26,19.239999771118164,19.239999771118164,19.690000534057617,19.010000228881836,19.010000228881836,530564
2022-07-27,19.139999389648438,19.139999389648438,19.5,18.665000915527344,19.5,328237
2022-07-28,20.5,20.5,20.889999389648438,19.239999771118164,19.239999771118164,1603874
2022-07-29,21.450000762939453,21.450000762939453,21.75,20.700000762939453,20.700000762939453,1045921
2022-08-01,21.399999618530273,21.399999618530273,22.0,21.139999389648438,21.299999237060547,744150
2022-08-02,22.670000076293945,22.670000076293945,22.670000076293945,21.049999237060547,21.450000762939453,1216059
2022-08-03,22.6200008392334,22.6200008392334,23.360000610351562,22.399999618530273,22.520000457763672,1072505
2022-08-04,22.829999923706055,22.829999923706055,23.739999771118164,22.3700008392334,22.3700008392334,865552
2022-08-05,22.989999771118164,22.989999771118164,23.270000457763672,21.700000762939453,23.190000534057617,928795
2022-08-08,23.149999618530273,23.149999618530273,23.440000534057617,22.280000686645508,23.34000015258789,399433
2022-08-09,23.040000915527344,23.040000915527344,23.200000762939453,22.40999984741211,23.200000762939453,613537
2022-08-10,23.559999465942383,23.559999465942383,23.75,22.610000610351562,22.920000076293945,553559
2022-08-11,23.719999313354492,23.719999313354492,24.190000534057617,23.299999237060547,23.600000381469727,488364
2022-08-12,23.75,23.75,23.940000534057617,23.329999923706055,23.780000686645508,582163
2022-08-15,24.100000381469727,24.100000381469727,24.399999618530273,23.700000762939453,23.950000762939453,434340
2022-08-16,24.739999771118164,24.739999771118164,24.8799991607666,23.979999542236328,24.0,672759
2022-08-17,24.079999923706055,24.079999923706055,25.299999237060547,23.829999923706055,24.690000534057617,905479
2022-08-18,23.75,23.75,24.239999771118164,23.399999618530273,23.5,578251
2022-08-19,22.790000915527344,22.790000915527344,23.700000762939453,22.549999237060547,23.5,601075
2022-08-22,21.969999313354492,21.969999313354492,23.209999084472656,21.809999465942383,22.520000457763672,888760
2022-08-23,21.889999389648438,21.889999389648438,22.350000381469727,21.200000762939453,21.299999237060547,563367
2022-08-24,22.170000076293945,22.170000076293945,22.170000076293945,21.270000457763672,21.889999389648438,412321
2022-08-25,22.75,22.75,22.899999618530273,22.170000076293945,22.170000076293945,448415
2022-08-26,22.389999389648438,22.389999389648438,22.950000762939453,22.040000915527344,22.75,464134
2022-08-29,21.389999389648438,21.389999389648438,22.06999969482422,21.149999618530273,21.799999237060547,523133
2022-08-30,21.239999771118164,21.239999771118164,21.75,20.969999313354492,21.399999618530273,538294
2022-08-31,21.479999542236328,21.479999542236328,21.610000610351562,20.950000762939453,21.549999237060547,366212
2022-09-01,20.889999389648438,20.889999389648438,21.3700008392334,20.719999313354492,21.219999313354492,541388
2022-09-02,19.969999313354492,19.969999313354492,20.950000762939453,19.905000686645508,20.700000762939453,743972
2022-09-05,20.219999313354492,20.219999313354492,20.399999618530273,19.649999618530273,19.649999618530273,530636
2022-09-06,19.889999389648438,19.889999389648438,20.59000015258789,19.8700008392334,20.110000610351562,365426
2022-09-07,19.135000228881836,19.135000228881836,19.780000686645508,18.969999313354492,19.780000686645508,667433
2022-09-08,18.334999084472656,18.334999084472656,19.69499969482422,17.575000762939453,19.5,1301264
2022-09-09,18.799999237060547,18.799999237060547,18.885000228881836,18.350000381469727,18.5,521127
2022-09-12,18.475000381469727,18.475000381469727,19.3799991607666,18.350000381469727,18.719999313354492,378497
2022-09-13,17.9950008392334,17.9950008392334,18.885000228881836,17.889999389648438,18.6299991607666,614970
2022-09-14,17.700000762939453,17.700000762939453,18.40999984741211,17.524999618530273,17.600000381469727,645279
2022-09-15,17.5,17.5,17.989999771118164,17.31999969482422,17.700000762939453,565991
2022-09-16,16.690000534057617,16.690000534057617,17.5,16.690000534057617,17.5,6053126
2022-09-19,16.149999618530273,16.149999618530273,16.700000762939453,16.149999618530273,16.690000534057617,858267
2022-09-20,15.770000457763672,15.770000457763672,16.549999237060547,15.699999809265137,16.149999618530273,1822460
2022-09-21,15.595000267028809,15.595000267028809,15.994999885559082,15.3100004196167,15.3100004196167,730367
2022-09-22,14.765000343322754,14.765000343322754,15.454999923706055,14.710000038146973,15.454999923706055,1266910
2022-09-23,13.850000381469727,13.850000381469727,14.704999923706055,13.850000381469727,14.704999923706055,1680287
2022-09-26,14.204999923706055,14.204999923706055,14.28499984741211,13.579999923706055,13.789999961853027,1168350
2022-09-27,14.164999961853027,14.164999961853027,14.524999618530273,14.114999771118164,14.395000457763672,544171
2022-09-28,13.625,13.625,14.800000190734863,13.260000228881836,14.699999809265137,1590762
2022-09-29,13.454999923706055,13.454999923706055,14.149999618530273,13.425000190734863,14.045000076293945,890659
2022-09-30,13.944999694824219,13.944999694824219,14.0600004196167,13.444999694824219,13.5,801656
2022-10-03,13.720000267028809,13.720000267028809,13.914999961853027,13.414999961853027,13.779999732971191,884898
2022-10-04,15.069999694824219,15.069999694824219,15.34000015258789,13.949999809265137,13.949999809265137,1130387
2022-10-05,14.829999923706055,14.829999923706055,15.675000190734863,14.800000190734863,15.675000190734863,703351
2022-10-06,14.760000228881836,14.760000228881836,15.510000228881836,14.725000381469727,15.510000228881836,681164
2022-10-07,14.364999771118164,14.364999771118164,14.885000228881836,14.279999732971191,14.760000228881836,481595
2022-10-10,13.6850004196167,13.6850004196167,14.074999809265137,13.359999656677246,14.0,550493
2022-10-11,13.09000015258789,13.09000015258789,13.760000228881836,12.979999542236328,13.694999694824219,623446
2022-10-12,12.880000114440918,12.880000114440918,13.265000343322754,12.770000457763672,13.104999542236328,742279
2022-10-13,12.744999885559082,12.744999885559082,12.994999885559082,12.270000457763672,12.899999618530273,717568
2022-10-14,12.795000076293945,12.795000076293945,13.335000038146973,12.404999732971191,12.739999771118164,876025
2022-10-17,13.135000228881836,13.135000228881836,13.234999656677246,12.515000343322754,12.555000305175781,698697
2022-10-18,13.300000190734863,13.300000190734863,13.604999542236328,13.050000190734863,13.510000228881836,591950
2022-10-19,12.71500015258789,12.71500015258789,13.300000190734863,12.649999618530273,13.199999809265137,626711
2022-10-20,12.28499984741211,12.28499984741211,12.609999656677246,11.895000457763672,12.404999732971191,1076994
2022-10-21,11.6850004196167,11.6850004196167,12.319999694824219,11.520000457763672,12.225000381469727,1581883
2022-10-24,12.154999732971191,12.154999732971191,12.430000305175781,11.75,11.770000457763672,842853
2022-10-25,12.234999656677246,12.234999656677246,12.520000457763672,11.649999618530273,12.204999923706055,557196
2022-10-26,12.460000038146973,12.460000038146973,12.649999618530273,12.164999961853027,12.649999618530273,839240
2022-10-27,12.579999923706055,12.579999923706055,12.635000228881836,12.079999923706055,12.40999984741211,840024
2022-10-28,12.1899995803833,12.1899995803833,12.539999961853027,12.164999961853027,12.380000114440918,351517
2022-10-31,11.680000305175781,11.680000305175781,12.430000305175781,11.399999618530273,12.234999656677246,1640421
2022-11-01,12.510000228881836,12.510000228881836,13.399999618530273,11.779999732971191,11.800000190734863,2408035
2022-11-02,12.289999961853027,12.289999961853027,13.010000228881836,12.069999694824219,12.979999542236328,1115697
2022-11-03,11.5600004196167,11.5600004196167,12.100000381469727,11.404999732971191,12.100000381469727,1686545
2022-11-04,12.279999732971191,12.279999732971191,12.345000267028809,11.625,11.630000114440918,1183477
2022-11-07,12.300000190734863,12.300000190734863,12.59000015258789,12.154999732971191,12.170000076293945,816966
2022-11-08,12.3149995803833,12.3149995803833,12.600000381469727,12.130000114440918,12.199999809265137,621939
2022-11-09,11.755000114440918,11.755000114440918,12.625,11.630000114440918,12.625,740145
2022-11-10,12.194999694824219,12.194999694824219,12.220000267028809,11.140000343322754,11.595000267028809,1382254
2022-11-11,12.8100004196167,12.8100004196167,12.835000038146973,12.444999694824219,12.805000305175781,1778968
2022-11-14,12.420000076293945,12.420000076293945,13.055000305175781,12.204999923706055,13.055000305175781,713834
2022-11-15,12.475000381469727,12.475000381469727,12.630000114440918,12.010000228881836,12.5,1470090
2022-11-16,11.699999809265137,11.699999809265137,12.399999618530273,11.630000114440918,12.225000381469727,1582211
2022-11-17,10.869999885559082,10.869999885559082,11.859999656677246,10.84000015258789,11.699999809265137,1450363
2022-11-18,12.050000190734863,12.050000190734863,12.170000076293945,10.90999984741211,11.1899995803833,2119214
2022-11-21,11.454999923706055,11.454999923706055,12.0,11.4350004196167,12.0,966819
2022-11-22,11.40999984741211,11.40999984741211,11.760000228881836,11.3100004196167,11.635000228881836,773906
2022-11-23,11.420000076293945,11.420000076293945,11.555000305175781,11.21500015258789,11.420000076293945,981883
2022-11-24,12.119999885559082,12.119999885559082,12.274999618530273,11.34000015258789,11.34000015258789,1217295
2022-11-25,12.359999656677246,12.359999656677246,12.359999656677246,11.854999542236328,12.350000381469727,1021397
2022-11-28,11.479999542236328,11.479999542236328,12.239999771118164,11.380000114440918,12.239999771118164,814299
2022-11-29,11.130000114440918,11.130000114440918,11.604999542236328,11.079999923706055,11.600000381469727,687354
2022-11-30,10.930000305175781,10.930000305175781,11.119999885559082,10.755000114440918,11.100000381469727,2123460
2022-12-01,11.079999923706055,11.079999923706055,11.510000228881836,10.854999542236328,11.130000114440918,1303784
2022-12-02,11.524999618530273,11.524999618530273,11.600000381469727,10.824999809265137,11.199999809265137,1416998
2022-12-05,11.380000114440918,11.380000114440918,11.789999961853027,11.329999923706055,11.625,1137029
2022-12-06,10.699999809265137,10.699999809265137,11.300000190734863,10.699999809265137,11.300000190734863,1467200
2022-12-07,10.819999694824219,10.819999694824219,11.020000457763672,10.430000305175781,11.020000457763672,966059
2022-12-08,10.675000190734863,10.675000190734863,10.729999542236328,10.3149995803833,10.694999694824219,905199
2022-12-09,10.595000267028809,10.595000267028809,10.8149995803833,10.524999618530273,10.609999656677246,614616
2022-12-12,10.770000457763672,10.770000457763672,11.045000076293945,10.350000381469727,10.595000267028809,1478522
2022-12-13,11.359999656677246,11.359999656677246,11.494999885559082,10.600000381469727,10.699999809265137,1217822
2022-12-14,11.5649995803833,11.5649995803833,11.729999542236328,11.295000076293945,11.359999656677246,960272
2022-12-15,11.015000343322754,11.015000343322754,11.625,10.649999618530273,11.604999542236328,1251060
2022-12-16,11.255000114440918,11.255000114440918,11.364999771118164,10.800000190734863,10.899999618530273,2370163
2022-12-19,11.630000114440918,11.630000114440918,11.795000076293945,11.175000190734863,11.199999809265137,1926894
2022-12-20,11.404999732971191,11.404999732971191,11.5,11.0,11.225000381469727,1085814
2022-12-21,12.100000381469727,12.100000381469727,12.25,11.414999961853027,11.5,1589825
2022-12-22,11.489999771118164,11.489999771118164,12.069999694824219,11.40999984741211,12.069999694824219,1088052
2022-12-23,11.635000228881836,11.635000228881836,11.779999732971191,11.449999809265137,11.460000038146973,669096
2022-12-27,11.505000114440918,11.505000114440918,12.095000267028809,11.4350004196167,11.869999885559082,650742
2022-12-28,11.555000305175781,11.555000305175781,11.744999885559082,11.050000190734863,11.524999618530273,594769
2022-12-29,11.664999961853027,11.664999961853027,11.6899995803833,11.050000190734863,11.300000190734863,597769
2022-12-30,11.5600004196167,11.5600004196167,11.6899995803833,11.444999694824219,11.550000190734863,548956
